{"cameraMode":{"drawMode":0,"name":"Shaded","section":"Shading Mode"},"sceneLighting":true,"audioPlay":false,"sceneViewState":{"m_AlwaysRefresh":false,"showFog":true,"showSkybox":true,"showFlares":true,"showImageEffects":true,"showParticleSystems":true,"showVisualEffectGraphs":true,"m_FxEnabled":true},"in2DMode":false,"pivot":{"x":-3.6041088104248049,"y":-9.673978805541993,"z":28.821407318115236},"rotation":{"x":-0.19112879037857057,"y":-0.0029825810343027117,"z":0.000555120874196291,"w":-0.9815793037414551},"size":22.083946228027345,"orthographic":false}